Workbook
Name Slicer_Feedback: #N/A
Name Slicer_SOURCE: #N/A

Sheet KPI'S
D1: male | E1: =GETPIVOTDATA("Count of Gender",$A$3,"Gender","Male") -> 1096 | F1: female | G1: =GETPIVOTDATA("Count of Gender",$A$3,"Gender","Female") -> 851
A3: Row Labels | B3: Count of Gender
A4: Female | B4: 851
A5: Male | B5: 1096
A6: Grand Total | B6: 1947

Sheet Sheet1
A1: ID | B1: Full Name | C1: Gender | D1: Date of Birth | E1: age | F1: Checkout Date | G1: Purpose | H1: SOURCE | I1: Feedback | J1: Rating | K1: Rating Range | M1: today | N1: =TODAY() -> 46061
A2: 1 | B2: Guest 00001 | C2: Male | D2: 34244 | E2: =DATEDIF(Sheet1!$D2,$N$1,"Y") -> 32 | F2: 44658 | G2: Business | H2: Organization | I2: Staff attitude | J2: Good | K2: 3
A3: 2 | B3: Guest 00002 | C3: Male | D3: 22364 | E3: =DATEDIF(Sheet1!$D3,$N$1,"Y") -> 64 | F3: 44352 | G3: Business | H3: Organization | I3: Check-in Process | J3: Good | K3: 3
A4: 3 | B4: Guest 00003 | C4: Male | D4: 29862 | E4: =DATEDIF(Sheet1!$D4,$N$1,"Y") -> 44 | F4: 43846 | G4: Vacation | H4: News paper | I4: Room service | J4: Very good | K4: 4
A5: 4 | B5: Guest 00004 | C5: Male | D5: 38077 | E5: =DATEDIF(Sheet1!$D5,$N$1,"Y") -> 21 | F5: 44695 | G5: Vacation | H5: Search engine | I5: Room cleanliness | J5: Poor | K5: 1
A6: 5 | B6: Guest 00005 | C6: Male | D6: 22501 | E6: =DATEDIF(Sheet1!$D6,$N$1,"Y") -> 64 | F6: 44736 | G6: Business | H6: hotel booking sites | I6: Food quality | J6: Very good | K6: 4
A7: 6 | B7: Guest 00006 | C7: Male | D7: 20909 | E7: =DATEDIF(Sheet1!$D7,$N$1,"Y") -> 68 | F7: 44436 | G7: Function | H7: Search engine | I7: Variety of food | J7: Average | K7: 2
A8: 7 | B8: Guest 00007 | C8: Female | D8: 36940 | E8: =DATEDIF(Sheet1!$D8,$N$1,"Y") -> 24 | F8: 44838 | G8: Vacation | H8: Internet advertisement | I8: Broadband & TV | J8: Excellent | K8: 5
A9: 8 | B9: Guest 00008 | C9: Male | D9: 29917 | E9: =DATEDIF(Sheet1!$D9,$N$1,"Y") -> 44 | F9: 43862 | G9: Business | H9: Organization | I9: Gym | J9: Excellent | K9: 5
A10: 9 | B10: Guest 00009 | C10: Female | D10: 32414 | E10: =DATEDIF(Sheet1!$D10,$N$1,"Y") -> 37 | F10: 44051 | G10: Vacation | H10: Television advertisement | I10: Staff attitude | J10: Very good | K10: 4
A11: 10 | B11: Guest 00010 | C11: Male | D11: 35758 | E11: =DATEDIF(Sheet1!$D11,$N$1,"Y") -> 28 | F11: 44181 | G11: Business | H11: Organization | I11: Check-in Process | J11: Excellent | K11: 5
A12: 11 | B12: Guest 00011 | C12: Female | D12: 22585 | E12: =DATEDIF(Sheet1!$D12,$N$1,"Y") -> 64 | F12: 43987 | G12: Business | H12: Organization | I12: Room service | J12: Very good | K12: 4
A13: 12 | B13: Guest 00012 | C13: Female | D13: 38323 | E13: =DATEDIF(Sheet1!$D13,$N$1,"Y") -> 21 | F13: 43955 | G13: Function | H13: News paper | I13: Room cleanliness | J13: Very good | K13: 4
... A1948: 1948 | B1948: Guest 01948 | C1948: Male | D1948: 34413 | E1948: =DATEDIF(Sheet1!$D1948,$N$1,"Y") -> 31 | F1948: 44164 | G1948: Vacation | H1948: Word of mouth | I1948: Room cleanliness | J1948: Very good | K1948: 4

Sheet AGE
A3: Row Labels | B3: Sum of age
A4: 58 | B4: 2668
A5: 62 | B5: 2666
A6: 64 | B6: 2496
A7: 65 | B7: 2405
A8: 66 | B8: 2244
A9: 67 | B9: 2345
A10: 68 | B10: 2856
A11: 70 | B11: 2800
A12: 71 | B12: 2698
A13: 72 | B13: 3096
A14: Grand Total | B14: 26274

Sheet Purpose
A3: Row Labels | B3: Count of Purpose
A4: Business | B4: 828
A5: Function | B5: 292
A6: Other | B6: 134
A7: Vacation | B7: 693
A8: Grand Total | B8: 1947

Sheet Feed_back
E1: =GETPIVOTDATA("Average of Rating Range",$A$3) -> 3.1972265
A3: Row Labels | B3: Count of Feedback | C3: Average of Rating Range
A4: Broadband & TV | B4: 243 | C4: 3.1646091
A5: Check-in Process | B5: 244 | C5: 3.9221311
A6: Food quality | B6: 243 | C6: 3.1111111
A7: Gym | B7: 242 | C7: 3.322314
A8: Room cleanliness | B8: 244 | C8: 2.9918033
A9: Room service | B9: 244 | C9: 3.602459
A10: Staff attitude | B10: 244 | C10: 3.6639344
A11: Variety of food | B11: 243 | C11: 1.7942387
A12: Grand Total | B12: 1947 | C12: 3.1972265

Sheet Source
D1: =GETPIVOTDATA("SOURCE",$A$3) -> 1947
A3: Row Labels | B3: Count of SOURCE
A4: hotel booking sites | B4: 306
A5: Internet advertisement | B5: 156
A6: News paper | B6: 75
A7: Organization | B7: 778
A8: Search engine | B8: 240
A9: Television advertisement | B9: 116
A10: Word of mouth | B10: 276
A11: Grand Total | B11: 1947

Sheet Dashboard

Sheet DashBoard 
